drug,community,targets_in_module,module_size,module_coverage
"(10R)-10-METHYL-3-(6-METHYLPYRIDIN-3-YL)-9,10,11,12-TETRAHYDRO-8H-[1,4]DIAZEPINO[5',6':4,5]THIENO[3,2-F]QUINOLIN-8-ONE",3,1,10,0.1
(S)-LIQUIRITIGENIN,1,1,21,0.047619047619047616
"10,10-DIFLUORO TXA2",5,1,10,0.1
"13,14-DIHYDRO-16-M-CHLOROPHENOXY-W-TETRANOR-PGF1&ALPHA;",5,1,10,0.1
19(R)-OH-PGE2,5,1,10,0.1
2-FUROYL-LIGRLO-AMIDE,5,1,10,0.1
2-FUROYL-LIGRL[N-(ALEXA FLUOR 594)-O]-NH2,5,1,10,0.1
2-FUROYL-LIGRL[N[3H]PROPIONYL]-O-NH2,5,1,10,0.1
4-PHENYLBUTYRIC ACID,3,1,10,0.1
"5-QUINOXALIN-6-YLMETHYLENE-THIAZOLIDINE-2,4-DIONE",2,1,15,0.06666666666666667
6-AMINOCAPROIC ACID,2,1,15,0.06666666666666667
7-HYDROXYSTAUROSPORINE,6,1,14,0.07142857142857142
ABCIXIMAB,2,3,15,0.2
ABELACIMAB,2,1,15,0.06666666666666667
ABEMACICLIB,1,1,21,0.047619047619047616
ABEMACICLIB,3,1,10,0.1
ABRILUMAB,0,1,4,0.25
ABT-510,1,1,21,0.047619047619047616
AC-186,1,1,21,0.047619047619047616
AC-55541,5,1,10,0.1
AC-98170,5,1,10,0.1
AC264613,5,1,10,0.1
ACALISIB,2,1,15,0.06666666666666667
ACE INHIBITOR,5,1,10,0.1
ACETAMINOPHEN,3,1,10,0.1
ACETYLCYSTEINE,2,1,15,0.06666666666666667
ACOLBIFENE,1,1,21,0.047619047619047616
ADALIMUMAB-ADBM,1,1,21,0.047619047619047616
ADENOVIRUS VECTOR,1,1,21,0.047619047619047616
AEM-28,5,1,10,0.1
AFACIFENACIN,6,1,14,0.07142857142857142
AFIMOXIFENE,1,1,21,0.047619047619047616
AFM-13,1,1,21,0.047619047619047616
AGN 191976,5,1,10,0.1
AH13205,5,1,10,0.1
AH23848,5,1,10,0.1
AH6809,5,1,10,0.1
AKT INHIBITOR VIII,5,1,10,0.1
AKT INHIBITOR X,2,1,15,0.06666666666666667
AL12180,5,1,10,0.1
ALBINTERFERON ALFA-2B,1,1,21,0.047619047619047616
ALDESLEUKIN,1,1,21,0.047619047619047616
ALENDRONATE SODIUM,1,1,21,0.047619047619047616
ALFIMEPRASE,2,3,15,0.2
ALICAFORSEN,1,1,21,0.047619047619047616
ALLYLESTRENOL,1,1,21,0.047619047619047616
ALPELISIB,1,1,21,0.047619047619047616
ALPELISIB,2,1,15,0.06666666666666667
ALPROSTADIL,5,1,10,0.1
ALTEPLASE,2,2,15,0.13333333333333333
ALVOCIDIB,3,1,10,0.1
AMEDIPLASE,2,1,15,0.06666666666666667
AMG319,2,1,15,0.06666666666666667
AMILORIDE,6,1,14,0.07142857142857142
AMIODARONE HYDROCHLORIDE,6,2,14,0.14285714285714285
AMUVATINIB,1,1,21,0.047619047619047616
ANCROD,2,3,15,0.2
ANG1005,1,1,21,0.047619047619047616
ANGIOGENESIS INHIBITOR,1,1,21,0.047619047619047616
ANIFROLUMAB,1,1,21,0.047619047619047616
ANISINDIONE,2,1,15,0.06666666666666667
ANISTREPLASE,2,2,15,0.13333333333333333
ANLOTINIB,1,1,21,0.047619047619047616
ANTI-THYMOCYTE GLOBULIN,1,1,21,0.047619047619047616
ANTIDEPRESSANT AGENT,2,1,15,0.06666666666666667
ANTIDEPRESSANT AGENT,5,1,10,0.1
ANTIHYPERTENSIVE AGENT,1,1,21,0.047619047619047616
ANTIMETABOLITE,3,1,10,0.1
ANTISENSE OLIGONUCLEOTIDES,1,1,21,0.047619047619047616
ANTITHROMBIN ALFA,2,4,15,0.26666666666666666
ANTITHROMBIN ALFA,4,1,8,0.125
ANX-005,4,1,8,0.125
APITOLISIB,2,1,15,0.06666666666666667
APRAMIDE A,2,1,15,0.06666666666666667
APRINDINE,6,1,14,0.07142857142857142
APROTININ,2,1,15,0.06666666666666667
ARGATROBAN,2,1,15,0.06666666666666667
ARGININE,1,1,21,0.047619047619047616
ARSENIC TRIOXIDE,1,1,21,0.047619047619047616
ARSENIC TRIOXIDE,3,1,10,0.1
ARTICAINE HYDROCHLORIDE,6,2,14,0.14285714285714285
ARZOXIFENE,1,1,21,0.047619047619047616
AS-252424,2,1,15,0.06666666666666667
AS604872,5,1,10,0.1
ASPIRIN,1,1,21,0.047619047619047616
ASPIRIN,5,1,10,0.1
AST-487,1,1,21,0.047619047619047616
AT-9283,1,1,21,0.047619047619047616
ATECEGATRAN METOXIL,2,1,15,0.06666666666666667
ATENOLOL,3,1,10,0.1
ATL1102,0,1,4,0.25
ATORVASTATIN CALCIUM TRIHYDRATE,1,1,21,0.047619047619047616
ATORVASTATIN CALCIUM TRIHYDRATE,3,1,10,0.1
AUS-131,1,1,21,0.047619047619047616
AVATROMBOPAG,2,2,15,0.13333333333333333
AVORALSTAT,2,1,15,0.06666666666666667
AXITINIB,1,1,21,0.047619047619047616
AY77,5,1,10,0.1
AZ2,2,1,15,0.06666666666666667
AZ2429,5,1,10,0.1
AZ3451,5,1,10,0.1
AZ7188,5,1,10,0.1
AZ8838,5,1,10,0.1
AZATHIOPRINE,2,1,15,0.06666666666666667
AZATHIOPRINE,3,1,10,0.1
AZD-8165,2,1,15,0.06666666666666667
AZD-8186,2,1,15,0.06666666666666667
AZD1208,2,2,15,0.13333333333333333
AZD1305,6,1,14,0.07142857142857142
AZD2927,6,1,14,0.07142857142857142
AZD3458,2,1,15,0.06666666666666667
AZD6482,2,1,15,0.06666666666666667
AZD7009,6,1,14,0.07142857142857142
AZD7648,2,1,15,0.06666666666666667
AZD8154,2,1,15,0.06666666666666667
AZD8835,2,1,15,0.06666666666666667
BAFETINIB,1,1,21,0.047619047619047616
BALANOL,6,1,14,0.07142857142857142
BARASERTIB,1,1,21,0.047619047619047616
BARASERTIB-HQPA,1,1,21,0.047619047619047616
BAY-6672,5,1,10,0.1
BAY-985,1,1,21,0.047619047619047616
BAZEDOXIFENE,1,2,21,0.09523809523809523
BAZEDOXIFENE ACETATE,1,1,21,0.047619047619047616
BECAPLERMIN,1,1,21,0.047619047619047616
BENOXINATE,6,1,14,0.07142857142857142
BENOXINATE HYDROCHLORIDE,6,2,14,0.14285714285714285
"BENZO(A)PYRENE-7,8-DIOL 9,10-EPOXIDE",5,1,10,0.1
BENZOCAINE,6,1,14,0.07142857142857142
BENZONATATE,6,1,14,0.07142857142857142
BEPRIDIL,6,1,14,0.07142857142857142
BEVACIZUMAB-AWWB,1,1,21,0.047619047619047616
BGT-226,2,1,15,0.06666666666666667
BI-505,1,1,21,0.047619047619047616
BIAFINE CREAM,1,1,21,0.047619047619047616
BICIROMAB BRALLOBARBITAL,2,1,15,0.06666666666666667
BIMATOPROST,5,1,10,0.1
BIMATOPROST (FREE ACID FORM),5,1,10,0.1
BIMIRALISIB,2,1,15,0.06666666666666667
BINETRAKIN,1,1,21,0.047619047619047616
BIO1211,0,1,4,0.25
BIS-TRIAZOLE DERIVATIVE 10,2,1,15,0.06666666666666667
BISANTRENE,3,1,10,0.1
BISPHENOL A,1,1,21,0.047619047619047616
BITHIONOL,1,1,21,0.047619047619047616
BIVALIRUDIN,2,1,15,0.06666666666666667
BORTEZOMIB,2,2,15,0.13333333333333333
BOVINE CARTILAGE,2,1,15,0.06666666666666667
BUPARLISIB,2,1,15,0.06666666666666667
BUPARLISIB,3,1,10,0.1
BUPIVACAINE,6,1,14,0.07142857142857142
BUPROPION HYDROCHLORIDE,5,1,10,0.1
BUTAPROST (FREE ACID FORM),5,2,10,0.2
BUTHIONINE SULFOXIMINE,5,1,10,0.1
C1 ESTERASE INHIBITOR,4,1,8,0.125
C391,5,1,10,0.1
CA19-9 ANTIGEN,1,1,21,0.047619047619047616
CA2+,4,2,8,0.25
CALCITONIN,3,1,10,0.1
CAPECITABINE,1,1,21,0.047619047619047616
CAPIVASERTIB,1,1,21,0.047619047619047616
CAPLACIZUMAB-YHDP,2,1,15,0.06666666666666667
CARBACYCLIN,5,3,10,0.3
CARBAMAZEPINE,6,2,14,0.14285714285714285
CARBENOXOLONE,4,2,8,0.25
CARBOCYCLIC THROMBOXANE A2,5,1,10,0.1
CARBOPLATIN,3,1,10,0.1
CARBOPLATIN,6,1,14,0.07142857142857142
CASPASE INHIBITOR,3,1,10,0.1
CATECHIN,2,1,15,0.06666666666666667
CDP-860,1,1,21,0.047619047619047616
CEDIRANIB,1,1,21,0.047619047619047616
CEFDINIR,5,1,10,0.1
CELECOXIB,3,1,10,0.1
CENISERTIB,1,1,21,0.047619047619047616
CENOBAMATE,6,2,14,0.14285714285714285
CEP-2563,1,1,21,0.047619047619047616
CETUXIMAB,1,1,21,0.047619047619047616
CETUXIMAB,3,1,10,0.1
CHEMBL:CHEMBL1083499,2,1,15,0.06666666666666667
CHEMBL:CHEMBL1520282,5,1,10,0.1
CHEMBL:CHEMBL2332580,1,1,21,0.047619047619047616
CHEMBL:CHEMBL527307,5,1,10,0.1
CHEMBL:CHEMBL528734,5,1,10,0.1
CHEMBL:CHEMBL546797,1,1,21,0.047619047619047616
CHEMBL:CHEMBL586628,2,1,15,0.06666666666666667
CHEMBL:CHEMBL598477,5,1,10,0.1
CHEMBL:CHEMBL600336,1,1,21,0.047619047619047616
CHEMBL:CHEMBL602561,5,1,10,0.1
CHEMBL:CHEMBL84440,5,1,10,0.1
CHF 4227,1,1,21,0.047619047619047616
CHF4227,1,1,21,0.047619047619047616
CHINESE HERBS,1,1,21,0.047619047619047616
CHLOROPROCAINE,6,2,14,0.14285714285714285
CHLOROTRIANISENE,1,1,21,0.047619047619047616
CHONDROITIN SULFATES,1,1,21,0.047619047619047616
CIMETIDINE,1,1,21,0.047619047619047616
CISAPRIDE,6,1,14,0.07142857142857142
CISPLATIN,1,1,21,0.047619047619047616
CLADRIBINE,3,1,10,0.1
CLAZAKIZUMAB,1,1,21,0.047619047619047616
CLOMIPRAMINE,6,1,14,0.07142857142857142
CLOPROSTENOL,5,2,10,0.2
CM-082,1,1,21,0.047619047619047616
CN-105,5,1,10,0.1
"COAGULATION FACTOR IX (RECOMBINANT), GLYCOPEGYLATED",2,1,15,0.06666666666666667
COAGULATION FACTOR IX RECOMBINANT IMMUNOGLOBULIN G1 FUSION PROTEIN,2,1,15,0.06666666666666667
COBIMETINIB,3,1,10,0.1
COCAINE,6,2,14,0.14285714285714285
COCAINE HYDROCHLORIDE,6,2,14,0.14285714285714285
COLLAGENASE CLOSTRIDIUM HISTOLYTICUM-AAES,0,2,4,0.5
COMPOUND 1 [PMID: 20080612],5,1,10,0.1
COMPOUND 111 [PMID: 37918435],4,1,8,0.125
COMPOUND 11J [PMID: 23021994],2,1,15,0.06666666666666667
COMPOUND 12B [PMID: 31465220],2,1,15,0.06666666666666667
COMPOUND 14 [PMID: 34333981],1,1,21,0.047619047619047616
COMPOUND 14K [PMID: 21982499],2,2,15,0.13333333333333333
COMPOUND 15A [PMID: 32069401],2,1,15,0.06666666666666667
COMPOUND 1A [PMID: 24900749],2,1,15,0.06666666666666667
COMPOUND 2 [PMID: 22560567],2,1,15,0.06666666666666667
COMPOUND 20 [PMID: 22136433],2,2,15,0.13333333333333333
COMPOUND 21K [PMID: 34985886],2,1,15,0.06666666666666667
COMPOUND 22 [PMID: 24754609],2,1,15,0.06666666666666667
COMPOUND 25C [PMID: 36649216],2,1,15,0.06666666666666667
COMPOUND 27 [PMID: 35834807],2,1,15,0.06666666666666667
COMPOUND 28 [PMID: 30624936],2,1,15,0.06666666666666667
COMPOUND 2C [PMID: 24900538],2,1,15,0.06666666666666667
COMPOUND 2Q [PMID: 30986068],2,1,15,0.06666666666666667
COMPOUND 41 [PMID: 31855425],2,1,15,0.06666666666666667
COMPOUND 5 [PMID: 23232060],2,1,15,0.06666666666666667
COMPOUND 52 [PMID: 28541707],2,1,15,0.06666666666666667
COMPOUND 5D [PMID: 31335136],2,1,15,0.06666666666666667
COMPOUND 7 [PMID: 31955578],2,1,15,0.06666666666666667
COMPOUND 7 [PMID: 34333981],1,1,21,0.047619047619047616
COMPOUND 82 [PMID: 21332118],2,1,15,0.06666666666666667
CONATUMUMAB,6,1,14,0.07142857142857142
COPANLISIB,2,1,15,0.06666666666666667
COUMARIN,2,2,15,0.13333333333333333
CP-547632,1,1,21,0.047619047619047616
CP-601927,3,1,10,0.1
CR 1447,1,1,21,0.047619047619047616
CRENOLANIB,1,1,21,0.047619047619047616
CX-5011,2,1,15,0.06666666666666667
CX-5279,2,1,15,0.06666666666666667
CX-6258,2,2,15,0.13333333333333333
CYANIDIN,2,1,15,0.06666666666666667
CYANIN,2,1,15,0.06666666666666667
CYCLOFENIL,1,1,21,0.047619047619047616
CYCLOPHOSPHAMIDE ANHYDROUS,1,2,21,0.09523809523809523
CYCLOSPORINE,1,1,21,0.047619047619047616
CYCLOSPORINE,3,2,10,0.2
CYTARABINE,1,2,21,0.09523809523809523
DABIGATRAN,2,1,15,0.06666666666666667
DABIGATRAN ETEXILATE MESYLATE,2,1,15,0.06666666666666667
DABRAFENIB,3,1,10,0.1
DACTOLISIB,2,1,15,0.06666666666666667
DALTROBAN,5,1,10,0.1
DANAZOL,2,1,15,0.06666666666666667
DANAZOL,4,1,8,0.125
DANICAMTIV,6,1,14,0.07142857142857142
DARAPLADIB,5,1,10,0.1
DAROVASERTIB,6,1,14,0.07142857142857142
DASATINIB ANHYDROUS,1,1,21,0.047619047619047616
DAUNORUBICIN LIPOSOMAL,1,1,21,0.047619047619047616
DEFIBROTIDE,2,1,15,0.06666666666666667
DEHYDRATED ALCOHOL,1,1,21,0.047619047619047616
DEOXYCYTIDINE,3,1,10,0.1
DEQUALINIUM,3,1,10,0.1
DESIRUDIN,2,2,15,0.13333333333333333
DESMOTEPLASE,2,1,15,0.06666666666666667
DEXAMETHASONE,2,1,15,0.06666666666666667
DEXTRAN SULFATE,2,2,15,0.13333333333333333
DEXTRAN SULFATE SODIUM,3,1,10,0.1
DEZAPELISIB,2,1,15,0.06666666666666667
DIARYLPROPIONITRILE,1,1,21,0.047619047619047616
DIAZIQUONE,3,1,10,0.1
DIBUCAINE,6,2,14,0.14285714285714285
DIBUCAINE HYDROCHLORIDE,6,2,14,0.14285714285714285
DICHLOROBENZYL ALCOHOL,6,2,14,0.14285714285714285
DICUMAROL,3,1,10,0.1
DIETHYLSTILBESTROL,1,1,21,0.047619047619047616
DIETHYLSTILBESTROL DIPHOSPHATE,1,1,21,0.047619047619047616
DIGOXIN,1,1,21,0.047619047619047616
DIHYDROSPHINGOSINE,1,1,21,0.047619047619047616
DIMETHYL SULFOXIDE,1,1,21,0.047619047619047616
DINOPROST,5,3,10,0.3
DINOPROSTONE,5,3,10,0.3
DIPHTHERIA TOXIN,1,1,21,0.047619047619047616
DISOPYRAMIDE,6,1,14,0.07142857142857142
DISOPYRAMIDE PHOSPHATE,6,2,14,0.14285714285714285
DIURETIC,1,1,21,0.047619047619047616
DOCETAXEL ANHYDROUS,1,1,21,0.047619047619047616
DOMITROBAN,5,1,10,0.1
DONEPEZIL,5,1,10,0.1
DORAMAPIMOD,1,1,21,0.047619047619047616
DOVITINIB,1,1,21,0.047619047619047616
DOVITINIB LACTATE,1,1,21,0.047619047619047616
DOXORUBICIN HYDROCHLORIDE,1,2,21,0.09523809523809523
DOXORUBICIN HYDROCHLORIDE,2,1,15,0.06666666666666667
DPOC-4088,2,1,15,0.06666666666666667
DROLOXIFENE,1,1,21,0.047619047619047616
DRONEDARONE HYDROCHLORIDE,6,2,14,0.14285714285714285
DROTRECOGIN ALFA,2,1,15,0.06666666666666667
DROTRECOGIN ALFA (ACTIVATED),2,1,15,0.06666666666666667
DS-7423,2,1,15,0.06666666666666667
DSP-2230,6,1,14,0.07142857142857142
DULOXETINE HYDROCHLORIDE,1,1,21,0.047619047619047616
DUTEPLASE,2,1,15,0.06666666666666667
DUVELISIB,2,1,15,0.06666666666666667
DYCLONINE,6,2,14,0.14285714285714285
DYCLONINE HYDROCHLORIDE,6,2,14,0.14285714285714285
ECF309,2,1,15,0.06666666666666667
ECHINACEA PREPARATION,1,1,21,0.047619047619047616
ECULIZUMAB,4,1,8,0.125
EGANELISIB,2,1,15,0.06666666666666667
EGAPTIVON PEGOL,2,1,15,0.06666666666666667
ELSILIMOMAB,1,1,21,0.047619047619047616
ELTROMBOPAG,2,1,15,0.06666666666666667
EMICIZUMAB,2,1,15,0.06666666666666667
ENCAINIDE,6,1,14,0.07142857142857142
ENCAINIDE HYDROCHLORIDE,6,2,14,0.14285714285714285
ENLIMOMAB,1,1,21,0.047619047619047616
ENLIMOMAB PEGOL,1,1,21,0.047619047619047616
ENMD-981693,1,1,21,0.047619047619047616
ENOXAPARIN SODIUM,2,1,15,0.06666666666666667
ENPROSTIL,5,1,10,0.1
ENZASTAURIN,6,1,14,0.07142857142857142
ENZYME INHIBITOR,1,1,21,0.047619047619047616
EP 171,5,1,10,0.1
EP-217609,2,1,15,0.06666666666666667
EP-7041,2,1,15,0.06666666666666667
EPERISONE,1,1,21,0.047619047619047616
EPICATECHIN,1,1,21,0.047619047619047616
EPICATECHIN,2,1,15,0.06666666666666667
EPIRUBICIN,3,1,10,0.1
EPOETIN ALFA,1,1,21,0.047619047619047616
EPOETIN ALFA,3,1,10,0.1
EPOETIN ALFA,5,1,10,0.1
EPTIFIBATIDE,2,3,15,0.2
ERIBULIN MESYLATE,1,1,21,0.047619047619047616
ERTEBEREL,1,1,21,0.047619047619047616
ESLICARBAZEPINE,6,2,14,0.14285714285714285
ESLICARBAZEPINE ACETATE,6,2,14,0.14285714285714285
ESTETROL,1,1,21,0.047619047619047616
ESTRADIOL VALERATE,1,2,21,0.09523809523809523
ESTRAMUSTINE PHOSPHATE SODIUM,1,1,21,0.047619047619047616
ESTRIOL,1,1,21,0.047619047619047616
ESTROGEN,1,1,21,0.047619047619047616
ESTROGENS,2,1,15,0.06666666666666667
"ESTROGENS, CONJUGATED (USP)",1,1,21,0.047619047619047616
"ESTROGENS, CONJUGATED SYNTHETIC A",1,1,21,0.047619047619047616
"ESTROGENS, ESTERIFIED (USP)",1,1,21,0.047619047619047616
ESTRONE,1,1,21,0.047619047619047616
ETANERCEPT-SZZS,1,1,21,0.047619047619047616
ETHINYL ESTRADIOL,1,1,21,0.047619047619047616
ETHOTOIN,6,2,14,0.14285714285714285
ETIDOCAINE HYDROCHLORIDE,6,2,14,0.14285714285714285
EVENAMIDE,6,2,14,0.14285714285714285
EVEROLIMUS,1,1,21,0.047619047619047616
EVEROLIMUS,3,1,10,0.1
EXEMESTANE,1,1,21,0.047619047619047616
FAM-TRASTUZUMAB DERUXTECAN-NXKI,1,1,21,0.047619047619047616
FAMITINIB,1,1,21,0.047619047619047616
FARNESYL TRANSFERASE INHIBITOR,3,1,10,0.1
FAS LIGAND,1,1,21,0.047619047619047616
FAT EMULSION,2,1,15,0.06666666666666667
FENOFIBRATE MICRONIZED,1,1,21,0.047619047619047616
FENOFIBRATE MICRONIZED,5,1,10,0.1
FENTANYL CITRATE,1,2,21,0.09523809523809523
FERB 033,1,1,21,0.047619047619047616
"FIBRINOGEN, HUMAN",2,3,15,0.2
FIDANACOGENE ELAPARVOVEC,2,1,15,0.06666666666666667
FIDUXOSIN HYDROCHLORIDE,5,1,10,0.1
FIMEPINOSTAT,2,1,15,0.06666666666666667
FIRATEGRAST,0,1,4,0.25
FISPEMIFENE,1,1,21,0.047619047619047616
FLECAINIDE ACETATE,6,1,14,0.07142857142857142
FLOVAGATRAN,2,1,15,0.06666666666666667
FLUFENAMIC ACID,4,2,8,0.25
FLUOROURACIL,1,2,21,0.09523809523809523
FLUOROURACIL,3,2,10,0.2
FLUPIRTINE,6,1,14,0.07142857142857142
FLUPROSTENOL,5,2,10,0.2
FLUTAMIDE,3,1,10,0.1
FLUVASTATIN,5,1,10,0.1
FORETINIB,1,1,21,0.047619047619047616
FOSPHENYTOIN,6,2,14,0.14285714285714285
FULVESTRANT,1,1,21,0.047619047619047616
G&OUML; 6976,6,1,14,0.07142857142857142
G&OUML; 6983,6,1,14,0.07142857142857142
GALANTAMINE,5,1,10,0.1
GALLIUM NITRATE,1,1,21,0.047619047619047616
GANCICLOVIR,5,1,10,0.1
GARLIC,2,1,15,0.06666666666666667
GB110,5,1,10,0.1
GB88,5,1,10,0.1
GDC-0339,2,2,15,0.13333333333333333
GEDATOLISIB,1,1,21,0.047619047619047616
GEDATOLISIB,2,1,15,0.06666666666666667
GELDANAMYCIN,1,1,21,0.047619047619047616
GEMCITABINE,1,1,21,0.047619047619047616
GEMCITABINE,3,1,10,0.1
GEMFIBROZIL,1,1,21,0.047619047619047616
GENISTEIN,1,1,21,0.047619047619047616
GENISTEIN,2,1,15,0.06666666666666667
GILMELISIB,2,1,15,0.06666666666666667
GINKGO BILOBA EXTRACT,5,1,10,0.1
GLATIRAMER,1,1,21,0.047619047619047616
GMA-161,1,1,21,0.047619047619047616
GNE-7883,1,1,21,0.047619047619047616
GOSERELIN ACETATE,1,1,21,0.047619047619047616
GSK-2647544,5,1,10,0.1
GSK1059615,2,1,15,0.06666666666666667
GW274150,1,1,21,0.047619047619047616
H2O2,1,1,21,0.047619047619047616
HAEMATOXYLIN,2,1,15,0.06666666666666667
HEPARIN,1,1,21,0.047619047619047616
HEPARIN,2,2,15,0.13333333333333333
HEPATITIS B VACCINE,1,1,21,0.047619047619047616
HESPERADIN,1,1,21,0.047619047619047616
HEXAMETHONIUM,3,1,10,0.1
HEXYLCAINE,6,2,14,0.14285714285714285
HEXYLCAINE HYDROCHLORIDE,6,2,14,0.14285714285714285
HIRUDIN,2,1,15,0.06666666666666667
HMG-COA REDUCTASE INHIBITOR,1,1,21,0.047619047619047616
HMN-214,3,1,10,0.1
HPTE,1,1,21,0.047619047619047616
HS-173,2,1,15,0.06666666666666667
HUMAN C1-ESTERASE INHIBITOR,2,1,15,0.06666666666666667
HUMAN C1-ESTERASE INHIBITOR,4,1,8,0.125
HUMAN CHORIONIC GONADOTROPIN,5,1,10,0.1
HYALURONIC ACID,1,1,21,0.047619047619047616
HYDROCHLOROTHIAZIDE,1,1,21,0.047619047619047616
HYDROCHLOROTHIAZIDE,3,2,10,0.2
HYDROCORTISONE BUTYRATE,2,1,15,0.06666666666666667
HYDROGEN PEROXIDE,2,1,15,0.06666666666666667
I-191,5,1,10,0.1
I-287,5,1,10,0.1
I-BOP,5,1,10,0.1
I-SAP,5,1,10,0.1
IBUDILAST,1,1,21,0.047619047619047616
"IBUPROFEN, SODIUM SALT",1,1,21,0.047619047619047616
ICHORCUMAB,2,1,15,0.06666666666666667
ICI 192605,5,1,10,0.1
ICI-164384,1,1,21,0.047619047619047616
IDELALISIB,2,1,15,0.06666666666666667
IDOXIFENE,1,1,21,0.047619047619047616
IFETROBAN,5,1,10,0.1
IFOSFAMIDE,1,1,21,0.047619047619047616
IL-18,1,1,21,0.047619047619047616
IL-6,1,1,21,0.047619047619047616
ILOPROST,5,3,10,0.3
ILORASERTIB,1,1,21,0.047619047619047616
ILORASERTIB,3,1,10,0.1
IMATINIB,1,1,21,0.047619047619047616
IMGATUZUMAB,1,1,21,0.047619047619047616
IMIPENEM-CILASTATIN SODIUM,1,1,21,0.047619047619047616
IMMUNOSUPPRESSANT,1,1,21,0.047619047619047616
IMMUNOSUPPRESSANT,3,1,10,0.1
IMMUNOSUPPRESSANT,5,1,10,0.1
IMMUNOTHERAPEUTIC AGENT,1,1,21,0.047619047619047616
INAVOLISIB,2,1,15,0.06666666666666667
INDECAINIDE,6,1,14,0.07142857142857142
INDECAINIDE HYDROCHLORIDE,6,2,14,0.14285714285714285
INDOMETHACIN,1,1,21,0.047619047619047616
INFLIXIMAB-DYYB,1,1,21,0.047619047619047616
INGENOL MEBUTATE,6,1,14,0.07142857142857142
INOSITOL,2,1,15,0.06666666666666667
"INSULIN, REGULAR, HUMAN",1,1,21,0.047619047619047616
"INSULIN, REGULAR, HUMAN",3,1,10,0.1
INTERFERON ALFA,1,1,21,0.047619047619047616
INTERFERON ALFA-2B,1,2,21,0.09523809523809523
INTERFERON ALFA-2B,3,1,10,0.1
INTERFERON ALFA-N1,1,1,21,0.047619047619047616
INTERFERON ALFA-N3,1,1,21,0.047619047619047616
INTERFERON ALFACON-1,1,1,21,0.047619047619047616
INTERFERON BETA,1,1,21,0.047619047619047616
INTERFERON BETA-1A,1,1,21,0.047619047619047616
INTERFERON BETA-1B,1,1,21,0.047619047619047616
IPTACOPAN,4,1,8,0.125
IRAMPANEL,6,2,14,0.14285714285714285
IRBESARTAN,5,1,10,0.1
IRINOTECAN HYDROCHLORIDE,1,1,21,0.047619047619047616
IRINOTECAN HYDROCHLORIDE,3,1,10,0.1
ISOX-CHA-CHG-ALA-ARG-DPR(4FB)-NH2,5,1,10,0.1
ISOX-CHA-CHG-ARK(SULFO-CY5)-NH2,5,1,10,0.1
IXABEPILONE,1,1,21,0.047619047619047616
IZORLISIB,2,1,15,0.06666666666666667
JI-101,1,1,21,0.047619047619047616
KU-0060648,2,1,15,0.06666666666666667
KW-3635,5,1,10,0.1
"L-888,607",5,1,10,0.1
L-NAME,1,1,21,0.047619047619047616
L-NNA,1,1,21,0.047619047619047616
LACOSAMIDE,6,2,14,0.14285714285714285
LACTULOSE,1,1,21,0.047619047619047616
LAMOTRIGINE,6,2,14,0.14285714285714285
LANOTEPLASE,2,1,15,0.06666666666666667
LAPATINIB,1,1,21,0.047619047619047616
LAROPIPRANT,5,1,10,0.1
LASOFOXIFENE,1,1,21,0.047619047619047616
LATANOPROST,5,1,10,0.1
LATANOPROST (FREE ACID FORM),5,1,10,0.1
LATANOPROSTENE BUNOD,5,1,10,0.1
LECANEMAB,5,1,10,0.1
LENIOLISIB,2,1,15,0.06666666666666667
LENOGRASTIM,1,1,21,0.047619047619047616
LENVATINIB,1,1,21,0.047619047619047616
LETROZOLE,3,1,10,0.1
LEUCETTINE L41,2,1,15,0.06666666666666667
LEUCOVORIN CALCIUM,1,2,21,0.09523809523809523
LEVILIMAB,1,1,21,0.047619047619047616
LEVOFLOXACIN ANHYDROUS,1,1,21,0.047619047619047616
LEVOTHYROXINE,2,1,15,0.06666666666666667
LEVOTHYROXINE,6,1,14,0.07142857142857142
LGB321,2,2,15,0.13333333333333333
LICARBAZEPINE,6,1,14,0.07142857142857142
LIDOCAINE,6,2,14,0.14285714285714285
LIDOCAINE HYDROCHLORIDE,6,2,14,0.14285714285714285
LIF,1,1,21,0.047619047619047616
LIFITEGRAST,1,1,21,0.047619047619047616
LINEZOLID,1,1,21,0.047619047619047616
LINIFANIB,1,1,21,0.047619047619047616
LITHIUM,6,1,14,0.07142857142857142
LOMERIZINE,6,1,14,0.07142857142857142
LORAZEPAM,5,1,10,0.1
LUSUTROMBOPAG,2,2,15,0.13333333333333333
LUTEIN,5,1,10,0.1
LY-294002,2,1,15,0.06666666666666667
LY2087101,3,1,10,0.1
LY2245461,1,1,21,0.047619047619047616
MAFOSFAMIDE,1,1,21,0.047619047619047616
MANNOSE-BINDING LECTIN,4,1,8,0.125
MARGETUXIMAB-CMKB,1,2,21,0.09523809523809523
MASITINIB,1,1,21,0.047619047619047616
MATRIX METALLOPROTEINASE INHIBITOR,1,1,21,0.047619047619047616
MAVACAMTEN,6,1,14,0.07142857142857142
MB-28767,5,3,10,0.3
MECAMYLAMINE,3,1,10,0.1
MEDI-5117,1,1,21,0.047619047619047616
MELAGATRAN,2,2,15,0.13333333333333333
MELPHALAN,3,1,10,0.1
MENERBA,1,1,21,0.047619047619047616
MENINGOCOCCAL GROUP B VACCINE,4,1,8,0.125
MEPHENYTOIN,6,2,14,0.14285714285714285
MEPIVACAINE HYDROCHLORIDE,6,2,14,0.14285714285714285
MERCAPTOPURINE,3,1,10,0.1
MERETHOXYLLINE PROCAINE,6,2,14,0.14285714285714285
METFORMIN,3,1,10,0.1
METHADONE HYDROCHLORIDE,6,1,14,0.07142857142857142
METHOTREXATE,1,1,21,0.047619047619047616
METHYLENE BLUE ANHYDROUS,2,1,15,0.06666666666666667
METHYLTHIONINIUM CHLORIDE,2,1,15,0.06666666666666667
METRELEPTIN,3,1,10,0.1
METRONIDAZOLE,1,1,21,0.047619047619047616
MEXILETINE,6,1,14,0.07142857142857142
MEXILETINE HYDROCHLORIDE,6,2,14,0.14285714285714285
MF101,1,1,21,0.047619047619047616
MIBAVADEMAB,3,1,10,0.1
MICROCYSTIN-LR,2,1,15,0.06666666666666667
MIDOSTAURIN,1,2,21,0.09523809523809523
MIGALASTAT,1,1,21,0.047619047619047616
MILCICLIB,3,1,10,0.1
MILVEXIAN,2,1,15,0.06666666666666667
MISOPROSTOL,5,1,10,0.1
MITOGEN-ACTIVATED PROTEIN KINASE INHIBITOR,3,1,10,0.1
MITOMYCIN,2,1,15,0.06666666666666667
MK-2461,1,1,21,0.047619047619047616
MK-6913,1,1,21,0.047619047619047616
MONTEPLASE,2,1,15,0.06666666666666667
MORICIZINE,6,1,14,0.07142857142857142
MORICIZINE HYDROCHLORIDE,6,2,14,0.14285714285714285
MOTESANIB,1,1,21,0.047619047619047616
MRA 003 US,1,1,21,0.047619047619047616
MRE-269,5,1,10,0.1
MUROMONAB-CD3,1,1,21,0.047619047619047616
NA+,6,1,14,0.07142857142857142
NARINGENIN,1,1,21,0.047619047619047616
NATALIZUMAB,0,1,4,0.25
NAVOXIMOD,0,1,4,0.25
NELFINAVIR,1,1,21,0.047619047619047616
NEMIRALISIB,2,1,15,0.06666666666666667
NEOLYMPHOSTIN A,2,1,15,0.06666666666666667
NERATINIB,1,1,21,0.047619047619047616
NERISPIRDINE,6,2,14,0.14285714285714285
NICOTINE POLACRILEX,3,1,10,0.1
NICOTINE POLACRILEX,5,1,10,0.1
NILOTINIB,1,1,21,0.047619047619047616
NIMUSTINE,3,1,10,0.1
NINTEDANIB ESYLATE,1,1,21,0.047619047619047616
NIP-142,6,1,14,0.07142857142857142
NKTR-171,6,2,14,0.14285714285714285
NONACOG ALFA,2,1,15,0.06666666666666667
NORENDOXIFEN,1,1,21,0.047619047619047616
NORETHINDRONE,2,1,15,0.06666666666666667
NORETHINDRONE ACETATE,5,1,10,0.1
NTP42,5,1,10,0.1
NVP-CLR457,2,1,15,0.06666666666666667
NVP-TAE684,1,1,21,0.047619047619047616
NYSTATIN,2,1,15,0.06666666666666667
OCRIPLASMIN,0,2,4,0.5
OCTANOL,4,2,8,0.25
ODIPARCIL,2,1,15,0.06666666666666667
OKADAIC ACID,2,1,15,0.06666666666666667
OLAPARIB,1,1,21,0.047619047619047616
OLOKIZUMAB,1,1,21,0.047619047619047616
OMECAMTIV MECARBIL,6,1,14,0.07142857142857142
OMIDENEPAG,5,1,10,0.1
OMIPALISIB,2,1,15,0.06666666666666667
ONC201,2,1,15,0.06666666666666667
ONO-3708,5,1,10,0.1
ONO-8711,5,1,10,0.1
ORANTINIB,1,1,21,0.047619047619047616
ORPHENADRINE CITRATE,6,2,14,0.14285714285714285
ORPHENADRINE HYDROCHLORIDE,6,2,14,0.14285714285714285
OSOCIMAB,2,1,15,0.06666666666666667
OSPEMIFENE,1,1,21,0.047619047619047616
OXALIPLATIN,3,1,10,0.1
OXCARBAZEPINE,6,2,14,0.14285714285714285
OXYMETHOLONE,2,1,15,0.06666666666666667
P2PAL18S,5,1,10,0.1
PACLITAXEL,1,1,21,0.047619047619047616
PACLITAXEL,3,1,10,0.1
PALBOCICLIB,1,1,21,0.047619047619047616
PALBOCICLIB,3,1,10,0.1
PAMITEPLASE,2,1,15,0.06666666666666667
PANITUMUMAB,3,1,10,0.1
PANULISIB,2,1,15,0.06666666666666667
PAXALISIB,2,1,15,0.06666666666666667
PAZOPANIB,1,1,21,0.047619047619047616
PAZOPANIB HYDROCHLORIDE,1,1,21,0.047619047619047616
PBT-3,5,1,10,0.1
PCC0105003,1,1,21,0.047619047619047616
PCC0208017,1,1,21,0.047619047619047616
PD-0166285,1,1,21,0.047619047619047616
PD-98059,2,1,15,0.06666666666666667
PEGINTERFERON ALFA-2A,1,2,21,0.09523809523809523
PEGINTERFERON ALFA-2A,3,1,10,0.1
PEGINTERFERON ALFA-2B,1,2,21,0.09523809523809523
PEGINTERFERON ALFACON-1,1,1,21,0.047619047619047616
PEGINTERFERON BETA-1A,1,1,21,0.047619047619047616
PEGMUSIRUDIN,2,1,15,0.06666666666666667
PEGNIVACOGIN,2,1,15,0.06666666666666667
PEGPLERANIB SODIUM,1,1,21,0.047619047619047616
PENICILLIN,1,1,21,0.047619047619047616
PENTETIC ACID,3,1,10,0.1
PENTOXIFYLLINE,2,1,15,0.06666666666666667
PETROSIOL A,1,1,21,0.047619047619047616
PF-00477736,3,1,10,0.1
PF-01247324,6,1,14,0.07142857142857142
PF-04236921,1,1,21,0.047619047619047616
PF-04418948,5,1,10,0.1
PF-04531083,6,1,14,0.07142857142857142
PF-04691502,2,1,15,0.06666666666666667
PF-04691502,3,1,10,0.1
PF-04852946,5,1,10,0.1
PF-06843195,2,1,15,0.06666666666666667
PF-562271,1,1,21,0.047619047619047616
PGD2,5,2,10,0.2
PGN-9856,5,1,10,0.1
PHENACEMIDE,6,2,14,0.14285714285714285
PHENAZOPYRIDINE HYDROCHLORIDE,6,2,14,0.14285714285714285
PHENYLEPHRINE,2,1,15,0.06666666666666667
PHENYTOIN SODIUM,6,2,14,0.14285714285714285
PHORBOL 12-MYRISTATE 13-ACETATE,1,1,21,0.047619047619047616
PHORBOL 12-MYRISTATE 13-ACETATE,6,1,14,0.07142857142857142
PHOSPHODIESTERASE INHIBITOR,3,1,10,0.1
PHTPP,1,1,21,0.047619047619047616
PHYTOSTEROL,5,1,10,0.1
PI 3-KG INHIBITOR II,2,1,15,0.06666666666666667
PI-103,2,1,15,0.06666666666666667
PICIBANIL,1,1,21,0.047619047619047616
PICIBANIL,2,1,15,0.06666666666666667
PICTILISIB,2,1,15,0.06666666666666667
PIK-108,2,1,15,0.06666666666666667
PIK-75,2,1,15,0.06666666666666667
PILARALISIB,2,1,15,0.06666666666666667
PILSICAINIDE,6,1,14,0.07142857142857142
PIM447,2,2,15,0.13333333333333333
PIP2,6,1,14,0.07142857142857142
PLASMIN,2,4,15,0.26666666666666666
PLASMINOGEN,2,3,15,0.2
POLO-LIKE KINASE 1 INHIBITOR GSK461364,3,1,10,0.1
POLY IC,1,1,21,0.047619047619047616
PONATINIB,1,1,21,0.047619047619047616
PP-121,2,1,15,0.06666666666666667
PP2,1,1,21,0.047619047619047616
PQR620,2,1,15,0.06666666666666667
PRAVASTATIN SODIUM,5,1,10,0.1
PREDNISOLONE,1,1,21,0.047619047619047616
PREDNISOLONE,2,1,15,0.06666666666666667
PREDNISONE,1,1,21,0.047619047619047616
PREDNISONE,2,1,15,0.06666666666666667
PREDNISONE,5,1,10,0.1
PRENYLAMINE,6,1,14,0.07142857142857142
PRILOCAINE,6,2,14,0.14285714285714285
PRILOCAINE HYDROCHLORIDE,6,2,14,0.14285714285714285
PRIMIDONE,6,2,14,0.14285714285714285
PRINABEREL,1,1,21,0.047619047619047616
PROCAINAMIDE,6,1,14,0.07142857142857142
PROCAINAMIDE HYDROCHLORIDE,6,2,14,0.14285714285714285
PROCAINE,6,1,14,0.07142857142857142
PROCAINE HYDROCHLORIDE,6,2,14,0.14285714285714285
PROPAFENONE,6,1,14,0.07142857142857142
PROPAFENONE HYDROCHLORIDE,6,2,14,0.14285714285714285
PROPARACAINE,6,1,14,0.07142857142857142
PROPARACAINE HYDROCHLORIDE,6,2,14,0.14285714285714285
PROPOXYCAINE HYDROCHLORIDE,6,2,14,0.14285714285714285
PROTEASE INHIBITOR,1,1,21,0.047619047619047616
PROTEASE INHIBITOR,6,1,14,0.07142857142857142
PROTEASOME INHIBITOR,1,1,21,0.047619047619047616
PTHRP,3,1,10,0.1
PUQUITINIB,1,1,21,0.047619047619047616
PUQUITINIB,2,1,15,0.06666666666666667
PUROMYCIN,1,1,21,0.047619047619047616
PYRIDOXAL PHOSPHATE ANHYDROUS,2,1,15,0.06666666666666667
PYRIMETHAMINE,5,1,10,0.1
QUERCETIN,2,1,15,0.06666666666666667
QUERCETIN,5,1,10,0.1
QUINESTROL,1,1,21,0.047619047619047616
QUINIDINE,6,1,14,0.07142857142857142
QUINIDINE GLUCONATE,6,2,14,0.14285714285714285
QUINIDINE POLYGALACTURONATE,6,2,14,0.14285714285714285
QUINIDINE SULFATE,6,2,14,0.14285714285714285
QUINOSTATIN,2,1,15,0.06666666666666667
QUIZARTINIB,1,1,21,0.047619047619047616
"R,R-THC",1,1,21,0.047619047619047616
R1295,0,1,4,0.25
RABEPRAZOLE,1,1,21,0.047619047619047616
RADIOSUMIN B,2,1,15,0.06666666666666667
RALFINAMIDE,6,2,14,0.14285714285714285
RALOXIFEN,1,1,21,0.047619047619047616
RALOXIFENE HYDROCHLORIDE,1,2,21,0.09523809523809523
RAMATROBAN,5,1,10,0.1
RANOLAZINE,2,1,15,0.06666666666666667
RANOLAZINE,6,1,14,0.07142857142857142
RASGRP ACTIVATOR 1,6,1,14,0.07142857142857142
REBASTINIB,1,1,21,0.047619047619047616
RECOMBINANT CYTOKINE,1,1,21,0.047619047619047616
RECOMBINANT CYTOKINE,5,1,10,0.1
RECOMBINANT EOTAXIN,1,1,21,0.047619047619047616
RECOMBINANT EOTAXIN,2,1,15,0.06666666666666667
RECOMBINANT FLT3 LIGAND,1,1,21,0.047619047619047616
RECOMBINANT HUMAN MONOCYTE CHEMOATTRACTANT PROTEIN-2,1,1,21,0.047619047619047616
RECOMBINANT HUMAN STEM CELL FACTOR,1,1,21,0.047619047619047616
RECOMBINANT HUMAN STEM CELL FACTOR,3,1,10,0.1
RECOMBINANT INTERFERON GAMMA,1,1,21,0.047619047619047616
RECOMBINANT INTERLEUKIN-8,1,1,21,0.047619047619047616
REGORAFENIB,1,1,21,0.047619047619047616
REPAGLINIDE,3,2,10,0.2
RETEPLASE,2,2,15,0.13333333333333333
RG-1530,1,1,21,0.047619047619047616
RIBAVIRIN,1,1,21,0.047619047619047616
RIBAVIRIN,2,1,15,0.06666666666666667
RIBAVIRIN,3,1,10,0.1
RIBOCICLIB,1,1,21,0.047619047619047616
RIBOCICLIB,3,1,10,0.1
RILAPLADIB,5,1,10,0.1
RILPIVIRINE,6,1,14,0.07142857142857142
RILUZOLE,6,2,14,0.14285714285714285
RINUCUMAB,1,1,21,0.047619047619047616
RIPRETINIB,1,1,21,0.047619047619047616
RISOVALISIB,2,1,15,0.06666666666666667
RITONAVIR,5,2,10,0.2
RITUXIMAB,1,4,21,0.19047619047619047
RIVAROXABAN,2,1,15,0.06666666666666667
RIVASTIGMINE,5,1,10,0.1
ROMIDEPSIN,3,1,10,0.1
ROMIPLOSTIM,1,1,21,0.047619047619047616
RONICICLIB,3,1,10,0.1
RONOPTERIN,1,1,21,0.047619047619047616
ROPEGINTERFERON ALFA-2B,1,1,21,0.047619047619047616
ROPIVACAINE,6,1,14,0.07142857142857142
ROPIVACAINE HYDROCHLORIDE,6,2,14,0.14285714285714285
ROSUVASTATIN,5,1,10,0.1
RUBOXISTAURIN,2,1,15,0.06666666666666667
RUBOXISTAURIN,6,1,14,0.07142857142857142
RUFINAMIDE,6,2,14,0.14285714285714285
RUXOLITINIB,1,1,21,0.047619047619047616
RV1729,2,1,15,0.06666666666666667
RV6153,2,1,15,0.06666666666666667
S-5751,5,1,10,0.1
SACITUZUMAB GOVITECAN,1,1,21,0.047619047619047616
SAFINAMIDE,6,1,14,0.07142857142857142
SALVIANOLIC ACID B,1,1,21,0.047619047619047616
SAMOTOLISIB,2,1,15,0.06666666666666667
SAPANISERTIB,2,1,15,0.06666666666666667
SAPANISERTIB,3,1,10,0.1
SAPROPTERIN,1,1,21,0.047619047619047616
SAQUINAVIR,1,1,21,0.047619047619047616
SAR260301,2,1,15,0.06666666666666667
SARILUMAB,1,1,21,0.047619047619047616
SATRALIZUMAB,1,1,21,0.047619047619047616
SELECTIVE ESTROGEN RECEPTOR MODULATOR,1,1,21,0.047619047619047616
SELENIUM,1,1,21,0.047619047619047616
SELETALISIB,2,1,15,0.06666666666666667
SENKTIDE,0,1,4,0.25
SEPETAPROST,5,1,10,0.1
SERABELISIB,2,1,15,0.06666666666666667
SERALUTINIB,1,1,21,0.047619047619047616
SETMELANOTIDE,3,2,10,0.2
SGI-1776,2,2,15,0.13333333333333333
SIFALIMUMAB,1,1,21,0.047619047619047616
SIGNAL TRANSDUCTION INHIBITOR,1,1,21,0.047619047619047616
SILDENAFIL,1,1,21,0.047619047619047616
SILIBININ,2,1,15,0.06666666666666667
SILMITASERTIB,2,1,15,0.06666666666666667
SILTUXIMAB,1,1,21,0.047619047619047616
SIMVASTATIN,3,1,10,0.1
SIMVASTATIN,5,1,10,0.1
SIROLIMUS,3,2,10,0.2
SIRUKUMAB,1,2,21,0.09523809523809523
SIVIFENE,1,1,21,0.047619047619047616
SLIGKV-NH2,5,1,10,0.1
SLIGRL-NH2,5,1,10,0.1
SNS-314,1,1,21,0.047619047619047616
SODIUM CHLORIDE,1,1,21,0.047619047619047616
SODIUM SALICYLATE,3,1,10,0.1
SOMATROPIN (RECOMBINANT DNA ORIGIN),2,2,15,0.13333333333333333
SORAFENIB,1,2,21,0.09523809523809523
SOTRASTAURIN,1,1,21,0.047619047619047616
SOTRASTAURIN,6,1,14,0.07142857142857142
SOY PROTEIN ISOLATE,5,1,10,0.1
SOYBEAN SEED OIL,5,1,10,0.1
SPIRONOLACTONE,1,1,21,0.047619047619047616
SQ-29548,5,1,10,0.1
SR-123781A,2,1,15,0.06666666666666667
STA2,5,1,10,0.1
STAUROSPORINE,2,2,15,0.13333333333333333
STAUROSPORINE,5,1,10,0.1
STREPTOKINASE,2,1,15,0.06666666666666667
STREPTOZOCIN,1,1,21,0.047619047619047616
STREPTOZOCIN,2,1,15,0.06666666666666667
STX-478,2,1,15,0.06666666666666667
SU-014813,1,1,21,0.047619047619047616
SULFATED PENTAGALLOYLGLUCOSIDE,2,1,15,0.06666666666666667
SULPROSTONE,5,1,10,0.1
SUNITINIB,1,2,21,0.09523809523809523
SUTIMLIMAB,4,1,8,0.125
"SYNTHETIC CONJUGATED ESTROGENS, B",1,1,21,0.047619047619047616
TAFLUPROST,5,1,10,0.1
TAFLUPROST ACID,5,1,10,0.1
TAK-593,1,1,21,0.047619047619047616
TAMATINIB,1,1,21,0.047619047619047616
TAMOXIFEN,1,1,21,0.047619047619047616
TAMOXIFEN,2,2,15,0.13333333333333333
TANDUTINIB,1,1,21,0.047619047619047616
TAPRENEPAG,5,1,10,0.1
TAS-108,1,1,21,0.047619047619047616
TASELISIB,2,1,15,0.06666666666666667
TELATINIB,1,1,21,0.047619047619047616
TEMOZOLOMIDE,3,1,10,0.1
TENALISIB,2,1,15,0.06666666666666667
TENECTEPLASE,2,1,15,0.06666666666666667
TERUTROBAN,5,1,10,0.1
TESMILIFENE,1,1,21,0.047619047619047616
TESTOSTERONE,1,1,21,0.047619047619047616
TETRACAINE,6,2,14,0.14285714285714285
TETRADECANOYLPHORBOL ACETATE,1,1,21,0.047619047619047616
TETRODOTOXIN,6,2,14,0.14285714285714285
TG-100-115,2,1,15,0.06666666666666667
TG100-801,1,1,21,0.047619047619047616
TG11-77,5,1,10,0.1
TG4-155,5,1,10,0.1
TG6-129,5,1,10,0.1
TG7-171,5,1,10,0.1
TG8-260,5,1,10,0.1
THALIDOMIDE,1,2,21,0.09523809523809523
THALIDOMIDE,2,1,15,0.06666666666666667
THERAPEUTIC CORTICOSTEROID,5,2,10,0.2
THROMBIN,2,2,15,0.13333333333333333
TIAPRIDE,6,1,14,0.07142857142857142
TILARGININE,1,1,21,0.047619047619047616
TILARGININE ACETATE,1,1,21,0.047619047619047616
TIPIFARNIB,3,1,10,0.1
TIROFIBAN,2,3,15,0.2
TIVOZANIB HYDROCHLORIDE,1,1,21,0.047619047619047616
TNP-470,2,1,15,0.06666666666666667
TOCAINIDE,6,1,14,0.07142857142857142
TOCAINIDE HYDROCHLORIDE,6,2,14,0.14285714285714285
TOCILIZUMAB,1,2,21,0.09523809523809523
TOLPERISONE,1,1,21,0.047619047619047616
TOMIVOSERTIB,1,1,21,0.047619047619047616
TOPIRAMATE,6,2,14,0.14285714285714285
TOREMIFENE,1,1,21,0.047619047619047616
TOZASERTIB,1,1,21,0.047619047619047616
TRAMETINIB DIMETHYL SULFOXIDE,3,1,10,0.1
TRANEXAMIC ACID,2,1,15,0.06666666666666667
TRANS-CINNAMOYL-LIGRLO [N-[3H]PROPIONYL]-NH2,5,1,10,0.1
TRAPIDIL,1,1,21,0.047619047619047616
TRENONACOG ALFA,2,1,15,0.06666666666666667
TREPROSTINIL,5,1,10,0.1
TRETINOIN,5,1,10,0.1
TRIAMCINOLONE,5,1,10,0.1
TRILOSTANE,1,1,21,0.047619047619047616
TROGLITAZONE,5,1,10,0.1
TROPLASMINOGEN ALFA,2,1,15,0.06666666666666667
TTP889,2,1,15,0.06666666666666667
TYROSINE KINASE INHIBITOR,2,1,15,0.06666666666666667
U46609,5,1,10,0.1
U46619,5,3,10,0.3
UAMC00039,1,1,21,0.047619047619047616
UBENIMEX,1,1,21,0.047619047619047616
UCB-1184197,0,1,4,0.25
ULIXERTINIB,3,1,10,0.1
UROKINASE,1,1,21,0.047619047619047616
UROKINASE,2,1,15,0.06666666666666667
UZANSERTIB,2,2,15,0.13333333333333333
VACCINE,1,1,21,0.047619047619047616
VALPROIC ACID,3,1,10,0.1
VALZIFLOCEPT,1,1,21,0.047619047619047616
VANDETANIB,1,1,21,0.047619047619047616
VAPIPROST,5,1,10,0.1
VARGATEF,1,1,21,0.047619047619047616
VATALANIB,1,1,21,0.047619047619047616
VEDOLIZUMAB,0,1,4,0.25
VEMURAFENIB,3,1,10,0.1
VERAPAMIL,6,1,14,0.07142857142857142
VERNAKALANT HYDROCHLORIDE,6,2,14,0.14285714285714285
VIAGENPUMATUCEL-L,1,1,21,0.047619047619047616
VINBLASTINE,3,1,10,0.1
VINCRISTINE,1,2,21,0.09523809523809523
VINCRISTINE,2,1,15,0.06666666666666667
VITAMIN A PALMITATE,1,1,21,0.047619047619047616
VITAMIN B6,1,1,21,0.047619047619047616
VITAMIN B6,2,1,15,0.06666666666666667
VITAMIN E,5,1,10,0.1
VITAMIN K,1,1,21,0.047619047619047616
VITAMIN K3,2,2,15,0.13333333333333333
VOBARILIZUMAB,1,1,21,0.047619047619047616
VON WILLEBRAND FACTOR,2,2,15,0.13333333333333333
VONICOG ALFA,2,1,15,0.06666666666666667
VORUCICLIB,2,1,15,0.06666666666666667
VS-5584,2,1,15,0.06666666666666667
VULOLISIB,2,1,15,0.06666666666666667
WARFARIN,1,1,21,0.047619047619047616
WARFARIN,2,1,15,0.06666666666666667
WAY200070,1,1,21,0.047619047619047616
WORTMANNIN,2,1,15,0.06666666666666667
X-82,1,1,21,0.047619047619047616
XIMELAGATRAN,2,1,15,0.06666666666666667
XL-820,1,1,21,0.047619047619047616
XL-999,1,1,21,0.047619047619047616
XL413,2,1,15,0.06666666666666667
XL820,1,1,21,0.047619047619047616
XL999,1,1,21,0.047619047619047616
YSIL6,1,1,21,0.047619047619047616
ZANDELISIB,2,1,15,0.06666666666666667
ZILTIVEKIMAB,1,1,21,0.047619047619047616
ZONISAMIDE,6,3,14,0.21428571428571427
ZSTK474,2,1,15,0.06666666666666667
[125I]BOP,5,1,10,0.1
[125I]EPIBATIDINE,3,1,10,0.1
[125I]PTA-OH,5,1,10,0.1
[125I]SAP,5,1,10,0.1
[125I]SQ-29548,5,1,10,0.1
[3H]2-FUROYL-LIGRL-NH2,5,1,10,0.1
[3H]CYTISINE,3,1,10,0.1
[3H]PGF2&ALPHA;,5,1,10,0.1
[3H]SQ-29548,5,1,10,0.1
nan,0,2,4,0.5
nan,1,10,21,0.47619047619047616
nan,2,11,15,0.7333333333333333
nan,3,3,10,0.3
nan,4,3,8,0.375
nan,5,5,10,0.5
nan,6,2,14,0.14285714285714285
